description,time,url
Video1,16,https://www.facebook.com/nptgaytv/videos/5587953887948064
Video2,16,https://www.facebook.com/minhhieugaytv/videos/258385446545542
Video3,15,https://www.facebook.com/thienangaytv/videos/805693943740865
Video4,16,https://www.facebook.com/minhhieugaytv/videos/865819144637890/
Video5,15,https://www.facebook.com/100026931871943/videos/503497101766270?idorvanity=904214060220935
Video6,14,https://www.facebook.com/nptgaytv/videos/2447670865394110/
Video7,14,https://www.facebook.com/106679915643176/videos/521721183372635
Video8,14,https://www.facebook.com/viethoanggaytv/videos/925416595250838
Video9,16,https://www.facebook.com/minhhieugaytv/videos/517047717240591
Video10,15,https://www.facebook.com/nptgaytv/videos/1830008034048319
Video11,15,https://www.facebook.com/banhcuonnnnn/videos/835308294346397/
Video12,16,https://www.facebook.com/namshaco96/videos/665705750961327
Video13,14,https://www.facebook.com/johnloyd.camarines.3/videos/1271225750474936?idorvanity=5760962314019346
Video14,15,https://www.facebook.com/thienangaytv/videos/533492815268897
Video15,16,https://www.facebook.com/minhhieugaytv/videos/603351794935545/
Video16,14,https://www.facebook.com/minhhieugaytv/videos/2074981452692310
Video17,18,https://www.facebook.com/sipunpubg7978/videos/726553638873352/
Video18,14,https://www.facebook.com/OpenshareCafe/videos/759234908744236
Video19,15,https://www.facebook.com/thienangaytv/videos/1801355326884916
Video20,15,https://www.facebook.com/thuyquynhgaytv/videos/239767938441147
Video21,11,https://www.facebook.com/kutecat1510/videos/140456222309438?idorvanity=904214060220935
Video22,14,https://www.facebook.com/kutecat1510/videos/503497101766270?idorvanity=904214060220935
Video23,10,https://www.facebook.com/kutecat1510/videos/982915162673455?idorvanity=904214060220935
Video24,17,https://www.facebook.com/kutecat1510/videos/1311518002746362?idorvanity=904214060220935
Video25,11,https://www.facebook.com/kutecat1510/videos/143704028626777/?idorvanity=904214060220935
Video26,12,https://www.facebook.com/kutecat1510/videos/431923205794517/?idorvanity=904214060220935
Video27,13,https://www.facebook.com/kutecat1510/videos/3296566347275699/?idorvanity=904214060220935
Video28,17,https://www.facebook.com/100014355884492/videos/626812555880309/?idorvanity=904214060220935
Video29,11,https://www.facebook.com/kutecat1510/videos/535726555177234/?idorvanity=904214060220935
Video30,14,https://www.facebook.com/kutecat1510/videos/1574273213086582/?idorvanity=904214060220935
Video31,13,https://www.facebook.com/100014355884492/videos/3335480373388048?idorvanity=904214060220935
Video32,12,https://www.facebook.com/kutecat1510/videos/731868018121986?idorvanity=904214060220935
Video33,13,https://www.facebook.com/kutecat1510/videos/524843956282735/?idorvanity=904214060220935
Video34,11,https://www.facebook.com/kutecat1510/videos/766877264830577/?idorvanity=904214060220935
Video35,11,https://www.facebook.com/kutecat1510/videos/678539467099644?idorvanity=904214060220935
Video36,13,https://www.facebook.com/100014355884492/videos/534624251924197/?idorvanity=904214060220935
Video37,11,https://www.facebook.com/100014355884492/videos/832340051362144/?idorvanity=904214060220935
Video38,14,https://www.facebook.com/100014355884492/videos/878053923553136?idorvanity=904214060220935
Video39,10,https://www.facebook.com/100014355884492/videos/911178736454754?idorvanity=904214060220935
Video40,11,https://www.facebook.com/kutecat1510/videos/3485359035075567?idorvanity=904214060220935
Video41,15,https://www.facebook.com/100014355884492/videos/676544177464842?idorvanity=904214060220935
Video42,11,https://www.facebook.com/100014355884492/videos/490539736394852?idorvanity=904214060220935
Video43,10,https://www.facebook.com/100002536022200/videos/733899685106729?idorvanity=1236530333173601
Video44,10,https://www.facebook.com/ayank.srie/videos/549206437343150?idorvanity=1236530333173601
Video45,14,https://www.facebook.com/100060802823114/videos/3036373003336376?idorvanity=1236530333173601
Video46,10,https://www.facebook.com/100006300226078/videos/1166544640696886?idorvanity=1236530333173601
Video47,22,https://www.facebook.com/phamthi.sen.127/videos/706098507968830/?idorvanity=3259061297698366
Video48,15,https://www.facebook.com/tong.khoa.9/videos/613114657002179/?idorvanity=3259061297698366
Video49,18,https://www.facebook.com/phamthi.sen.127/videos/1255271972092906/?idorvanity=3259061297698366
Video50,20,https://www.facebook.com/100014368935749/videos/775121913801269/?idorvanity=3259061297698366
Video51,10,https://www.facebook.com/100014368935749/videos/145158875175976/?idorvanity=3259061297698366
Video52,18,https://www.facebook.com/100008092304668/videos/771320721008094/
Video53,20,https://www.facebook.com/100029285597093/videos/1151964025486448/
Video54,20,https://www.facebook.com/100021129912768/videos/943821183639927/
Video55,10,https://www.facebook.com/100014368935749/videos/3427456477504356/
Video56,18,https://www.facebook.com/100021129912768/videos/616783889861787/
Video57,15,https://www.facebook.com/tong.khoa.9/videos/790112792728688?idorvanity=3259061297698366
Video58,11,https://www.facebook.com/tong.khoa.9/videos/541405768066614/?idorvanity=3259061297698366
Video59,18,https://www.facebook.com/tong.khoa.9/videos/771320721008094?idorvanity=3259061297698366
Video60,17,https://www.facebook.com/tong.khoa.9/videos/589728699852305?idorvanity=3259061297698366
Video61,17,https://www.facebook.com/tong.khoa.9/videos/1414545639365180?idorvanity=3259061297698366
Video62,13,https://www.facebook.com/100008092304668/videos/175135165364864/
Video63,16,https://www.facebook.com/100008092304668/videos/544263087893926/
Video64,17,https://www.facebook.com/100008092304668/videos/228752796308257/
Video65,11,https://www.facebook.com/100008092304668/videos/709863590890304/
Video66,16,https://www.facebook.com/100008092304668/videos/1401174040638281/
Video67,12,https://www.facebook.com/100008092304668/videos/659430352617666/
Video68,11,https://www.facebook.com/100008092304668/videos/1253003792240028/
Video69,10,https://www.facebook.com/100008092304668/videos/882861779496232/
Video70,11,https://www.facebook.com/100008092304668/videos/443109021322494/
Video71,16,https://www.facebook.com/100008092304668/videos/599142648695686/
Video72,13,https://www.facebook.com/100008092304668/videos/950664949625178/
Video73,11,https://www.facebook.com/100008092304668/videos/1367506470755956/
Video74,11,https://www.facebook.com/100008092304668/videos/587782390033485/
Video75,18,https://www.facebook.com/100008092304668/videos/1584723061952548/
Video76,16,https://www.facebook.com/100008092304668/videos/515077703891500/
Video77,15,https://www.facebook.com/100008092304668/videos/731622455073003/
Video78,11,https://www.facebook.com/100008092304668/videos/1583668068804125/
Video79,10,https://www.facebook.com/tong.khoa.9/videos/1583668068804125?idorvanity=3259061297698366
Video80,15,https://www.facebook.com/100008092304668/videos/842469756850815/
Video81,10,https://www.facebook.com/tong.khoa.9/videos/889086205541573?idorvanity=3259061297698366
Video82,15,https://www.facebook.com/tungtyno.tungtyno/videos/545502574391598?idorvanity=3259061297698366
Video83,10,https://www.facebook.com/100029285597093/videos/1264572437480536/
Video84,10,https://www.facebook.com/100029285597093/videos/624371355716835/
Video85,17,https://www.facebook.com/100029285597093/videos/1007400256904146/
Video86,18,https://www.facebook.com/100029285597093/videos/657730199451951/
Video87,17,https://www.facebook.com/100029285597093/videos/771491087514730/
Video88,12,https://www.facebook.com/100029285597093/videos/1412364009533205/
Video89,10,https://www.facebook.com/100029285597093/videos/3472720933049020/
Video90,17,https://www.facebook.com/100029285597093/videos/1363112547807829/
Video91,16,https://www.facebook.com/100029285597093/videos/244309091270951/
Video92,17,https://www.facebook.com/100029285597093/videos/888548562370180/
Video93,15,https://www.facebook.com/100029285597093/videos/742928007535231/
Video94,17,https://www.facebook.com/100029285597093/videos/1007180783585947/
Video95,10,https://www.facebook.com/100029285597093/videos/1412949902830857/
Video96,19,https://www.facebook.com/100029285597093/videos/2476445179170792/
Video97,17,https://www.facebook.com/100029285597093/videos/1788441694884911/
Video98,10,https://www.facebook.com/100029285597093/videos/968108560782148/
Video99,10,https://www.facebook.com/100029285597093/videos/1223736328246068/
Video100,16,https://www.facebook.com/100029285597093/videos/1253269905617170/