description,url
Homepage,https://www.thegioididong.com/
Category,https://www.thegioididong.com/dtdd
Category,https://www.thegioididong.com/laptop-ldp
Category,https://www.thegioididong.com/may-tinh-bang
Category,https://www.thegioididong.com/dong-ho-thong-minh-ldp
Category,https://www.thegioididong.com/may-doi-tra/
Category,https://www.thegioididong.com/sim-so-dep
Category,https://www.thegioididong.com/phu-kien
Category,https://www.thegioididong.com/sac-dtdd
Category,https://www.thegioididong.com/sac-cap
Category,https://www.thegioididong.com/op-lung-flipcover
Category,https://www.thegioididong.com/op-lung-may-tinh-bang
Category,https://www.thegioididong.com/mieng-dan-man-hinh
Category,https://www.thegioididong.com/gay-tu-suong
Category,https://www.thegioididong.com/gia-do-dien-thoai
Category,https://www.thegioididong.com/de-moc-dien-thoai
Category,https://www.thegioididong.com/tui-chong-nuoc
Category,https://www.thegioididong.com/tui-dung-airpods
Category,https://www.thegioididong.com/airtag
Category,https://www.thegioididong.com/phu-kien-thong-minh
Category,https://www.thegioididong.com/chuot-ban-phim
Category,https://www.thegioididong.com/thiet-bi-mang
Category,https://www.thegioididong.com/tui-chong-soc
Category,https://www.thegioididong.com/gia-do-dien-thoai?g=de-laptop-macbook
Category,https://www.thegioididong.com/phan-mem
Category,https://www.thegioididong.com/tai-nghe
Category,https://www.thegioididong.com/loa-laptop
Category,https://www.thegioididong.com/micro-thu-am
Category,https://www.thegioididong.com/micro
Category,https://www.thegioididong.com/khoa-dien-tu
Category,https://www.thegioididong.com/camera-giam-sat
Category,https://www.thegioididong.com/may-chieu
Category,https://www.thegioididong.com/android-tv-box
Category,https://www.thegioididong.com/o-cam-thong-minh
Category,https://www.thegioididong.com/o-cung-di-dong
Category,https://www.thegioididong.com/usb
Category,https://www.thegioididong.com/phu-kien/apple
Category,https://www.thegioididong.com/phu-kien/samsung
Category,https://www.thegioididong.com/phu-kien/sony
Category,https://www.thegioididong.com/phu-kien/anker
Category,https://www.thegioididong.com/phu-kien/jbl
Category,https://www.thegioididong.com/phu-kien-oto
Category,https://www.thegioididong.com/may-tinh-cam-tay
Category,https://www.thegioididong.com/pin
Category,https://www.thegioididong.com/may-in
Category,https://www.thegioididong.com/muc-in
Category,https://www.thegioididong.com/man-hinh-may-tinh
Category,https://www.thegioididong.com/may-tinh-de-ban
Service,https://www.thegioididong.com/tien-ich/thanh-toan-tien-dien
Service,https://www.thegioididong.com/tien-ich/thanh-toan-tien-nuoc
Service,https://www.thegioididong.com/tien-ich/thanh-toan-internet-fpt
Service,https://www.thegioididong.com/tien-ich/thanh-toan-internet-vnpt
Service,https://www.thegioididong.com/tien-ich/goi-cuoc-truyen-hinh
Service,https://www.thegioididong.com/tien-ich/thanh-toan-ve-tau-xe
Service,https://www.thegioididong.com/tien-ich/thanh-toan-vien-phi
Service,https://www.thegioididong.com/tien-ich/bao-hiem-o-to-xe-may
Service,https://www.thegioididong.com/tien-ich/thanh-toan-bao-hiem
Service,https://www.thegioididong.com/tien-ich/goi-cuoc-lap-dat-internet-truyen-hinh
Service,https://www.thegioididong.com/tien-ich/goi-cuoc-data
Service,https://www.thegioididong.com/tien-ich/nap-tien-dien-thoai
Service,https://www.thegioididong.com/tien-ich/nap-tien-dien-thoai-tra-sau
Service,https://www.thegioididong.com/tien-ich/the-cao-game
Service,https://www.thegioididong.com/tien-ich/the-cao-dien-thoai
Store,https://www.thegioididong.com/laptop-apple-macbook
Store,https://www.thegioididong.com/dtdd-apple-iphone
Store,https://www.thegioididong.com/dtdd-samsung
Store,https://www.thegioididong.com/dtdd-oppo
Store,https://www.thegioididong.com/dtdd-vivo
Store,https://www.thegioididong.com/dtdd-xiaomi
Store,https://www.thegioididong.com/dtdd-realme
Store,https://www.thegioididong.com/dtdd-nokia
Store,https://www.thegioididong.com/dtdd-tcl
Store,https://www.thegioididong.com/dtdd-mobell
Store,https://www.thegioididong.com/dtdd-itel
Store,https://www.thegioididong.com/dtdd-masstel
Store,https://www.thegioididong.com/laptop-asus
Store,https://www.thegioididong.com/laptop-hp-compaq
Store,https://www.thegioididong.com/laptop-lenovo
Store,https://www.thegioididong.com/laptop-acer
Store,https://www.thegioididong.com/laptop-dell
Store,https://www.thegioididong.com/laptop-msi
Store,https://www.thegioididong.com/laptop-surface
Store,https://www.thegioididong.com/laptop-lg
Store,https://www.thegioididong.com/laptop-chuwi
Store,https://www.thegioididong.com/laptop-itel
Store,https://www.thegioididong.com/laptop-masstel
Store,https://www.thegioididong.com/dong-ho-thong-minh-apple
Store,https://www.thegioididong.com/dong-ho-thong-minh-samsung
Store,https://www.thegioididong.com/dong-ho-thong-minh-befit
Store,https://www.thegioididong.com/dong-ho-thong-minh-xiaomi
Store,https://www.thegioididong.com/dong-ho-thong-minh-kidcare
Store,https://www.thegioididong.com/dong-ho-thong-minh-huami-amazfit
Store,https://www.thegioididong.com/dong-ho-thong-minh-garmin
Store,https://www.thegioididong.com/may-in-brother
Item,https://www.thegioididong.com/laptop/acer-travelmate-b3-tmb311-31-c2hb-nxvnfsv006
Item,https://www.thegioididong.com/laptop/apple-macbook-air-2020-mgn63saa
Item,https://www.thegioididong.com/laptop/lenovo-ideapad-3-15iau7-i3-82rk005lvn
Item,https://www.thegioididong.com/laptop/hp-15s-fq2662tu-i3-6k795pa
Item,https://www.thegioididong.com/laptop/acer-aspire-a514-54-511g-i5-nxa28sv009
Item,https://www.thegioididong.com/laptop/asus-tuf-gaming-fx506lhb-i5-hn188w
Item,https://www.thegioididong.com/laptop/acer-aspire-7-gaming-a715-42g-r05g-r5-nhqaysv007
Item,https://www.thegioididong.com/laptop/lenovo-ideapad-gaming-3-15ihu6-i5-82k101f3vn
Item,https://www.thegioididong.com/laptop/acer-nitro-5-gaming-an515-45-r6ev-r5-nhqbmsv006
Item,https://www.thegioididong.com/laptop/msi-gaming-pulse-gl66-11udk-i7-816vn
Item,https://www.thegioididong.com/laptop/hp-victus-15-fa0111tx-i5-7c0r4pa
Item,https://www.thegioididong.com/laptop/lenovo-ideapad-gaming-3-15iah7-i5-82s9007tvn
Item,https://www.thegioididong.com/laptop/asus-tuf-gaming-fx507zc-i7-hn124w
Item,https://www.thegioididong.com/laptop/msi-gaming-bravo-15-b5dd-r7-278vn
Item,https://www.thegioididong.com/laptop/dell-gaming-g15-5515-r7-70266674
Item,https://www.thegioididong.com/laptop/apple-macbook-air-2020-mgn63saa
Item,https://www.thegioididong.com/laptop/apple-macbook-air-m2-2022
Item,https://www.thegioididong.com/laptop/apple-macbook-pro-13-inch-m2-2022
Item,https://www.thegioididong.com/laptop/apple-macbook-air-m2-2022-16gb
Item,https://www.thegioididong.com/laptop/apple-macbook-pro-2020-z11c
Item,https://www.thegioididong.com/laptop/acer-travelmate-b3-tmb311-31-c2hb-nxvnfsv006
Item,https://www.thegioididong.com/laptop/hp-240-g9-i5-6l1y1pa
Item,https://www.thegioididong.com/laptop/acer-aspire-3-a315-58-52kt-i5-nxam0sv006
Item,https://www.thegioididong.com/laptop/lenovo-ideapad-3-15iau7-i3-82rk005lvn
Item,https://www.thegioididong.com/laptop/asus-vivobook-15-x1502za-i5-ej120w
Item,https://www.thegioididong.com/laptop/msi-modern-14-b11mou-i3-1027vn
Item,https://www.thegioididong.com/laptop/lenovo-ideapad-3-15iau7-i5-82rk001pvn
Item,https://www.thegioididong.com/laptop/dell-vostro-3510-i5-p112f002bbl
Item,https://www.thegioididong.com/laptop/acer-aspire-a315-56-32tp-i3-nxhs5sv00k
Item,https://www.thegioididong.com/laptop/lenovo-ideapad-5-15ial7-i5-82sf005hvn
Item,https://www.thegioididong.com/laptop/apple-macbook-pro-2020-z11c
Item,https://www.thegioididong.com/laptop/acer-nitro-5-gaming-an515-45-r6ev-r5-nhqbmsv006
Item,https://www.thegioididong.com/laptop/asus-vivobook-pro-15-k6502z-i5-ma025w
Item,https://www.thegioididong.com/laptop/hp-pavilion-15-eg2034tx-i7-6k780pa
Item,https://www.thegioididong.com/laptop/msi-creator-z16-a12uet-i7-036vn
Item,https://www.thegioididong.com/dtdd/samsung-galaxy-s23-ultra
Item,https://www.thegioididong.com/dtdd/oppo-reno8-t-5g-256gb
Item,https://www.thegioididong.com/dtdd/iphone-14-pro-max
Item,https://www.thegioididong.com/dtdd/iphone-14-pro
Item,https://www.thegioididong.com/dtdd/samsung-galaxy-z-flip4
Item,https://www.thegioididong.com/dtdd/xiaomi-redmi-note-11-4gb-64gb
Item,https://www.thegioididong.com/dtdd/samsung-galaxy-s22-ultra
Item,https://www.thegioididong.com/dtdd/iphone-11
Item,https://www.thegioididong.com/dtdd/xiaomi-redmi-note-11s
Item,https://www.thegioididong.com/dtdd/vivo-y35-2022
Item,https://www.thegioididong.com/dtdd/oppo-reno8-pro
Item,https://www.thegioididong.com/dtdd/oppo-a55-4g
Item,https://www.thegioididong.com/dtdd/samsung-galaxy-a23
Item,https://www.thegioididong.com/dtdd/samsung-galaxy-s20-fan-edition
Item,https://www.thegioididong.com/dtdd/iphone-14
Item,https://www.thegioididong.com/dtdd/vivo-v25
Item,https://www.thegioididong.com/dtdd/realme-c30s-2gb
Item,https://www.thegioididong.com/dtdd/poco-c40
Item,https://www.thegioididong.com/dtdd/samsung-galaxy-s23-plus
Item,https://www.thegioididong.com/dtdd/iphone-14-plus
Item,https://www.thegioididong.com/may-tinh-bang/ipad-gen-9
Item,https://www.thegioididong.com/may-tinh-bang/ipad-gen-10
Item,https://www.thegioididong.com/may-tinh-bang/ipad-pro-m1-11-inch-wifi-2tb-2021
Item,https://www.thegioididong.com/may-tinh-bang/ipad-mini-6
Item,https://www.thegioididong.com/may-tinh-bang/ipad-pro-m1-129-inch-wifi-cellular-128gb-2021
Item,https://www.thegioididong.com/may-tinh-bang/lenovo-tab-m8
Item,https://www.thegioididong.com/may-tinh-bang/samsung-galaxy-tab-a7-lite
Item,https://www.thegioididong.com/may-tinh-bang/samsung-galaxy-tab-s8
Item,https://www.thegioididong.com/may-tinh-bang/samsung-galaxy-tab-s7-fe-wifi
Item,https://www.thegioididong.com/may-tinh-bang/ipad-pro-m1-11-inch-wifi-cellular-2tb-2021
Item,https://www.thegioididong.com/may-tinh-bang/ipad-pro-m1-129-inch-wifi-128gb-2021
Item,https://www.thegioididong.com/may-tinh-bang/ipad-pro-m2-11-inch
Item,https://www.thegioididong.com/may-tinh-bang/ipad-mini-6-wifi-cellular-64gb
Item,https://www.thegioididong.com/may-tinh-bang/ipad-9-wifi-cellular-64gb
Item,https://www.thegioididong.com/may-tinh-bang/samsung-galaxy-tab-s6-lite
Item,https://www.thegioididong.com/may-tinh-bang/lenovo-yoga-tab-11
Item,https://www.thegioididong.com/may-tinh-bang/samsung-galaxy-tab-a8
Item,https://www.thegioididong.com/may-tinh-bang/oppo-pad-air
Item,https://www.thegioididong.com/may-tinh-bang/xiaomi-redmi-pad-4gb
Item,https://www.thegioididong.com/may-tinh-bang/lenovo-tab-p11-plus#2-gia
Item,https://www.thegioididong.com/sim-so-dep/viettel-viettel-v150n
Item,https://www.thegioididong.com/sim-so-dep/vinaphone-vina-bum-120
Item,https://www.thegioididong.com/sim-so-dep/mobifone-mobi-c150
Item,https://www.thegioididong.com/sim-so-dep/itel-itel-so-dep-ckmay3t
Item,https://www.thegioididong.com/sim-so-dep/vinaphone-vina-bum-120-7t
Item,https://www.thegioididong.com/sim-so-dep/viettel-viettel-v150z
Item,https://www.thegioididong.com/sim-so-dep/vinaphone-vina-bum-150-3t
Item,https://www.thegioididong.com/sim-so-dep/vinaphone-vina-bum-150-7t
Item,https://www.thegioididong.com/sim-so-dep/vinaphone-vina-super-data-1t
Item,https://www.thegioididong.com/sim-so-dep/vinaphone-vina-super-data-16t
Item,https://www.thegioididong.com/sim-so-dep/viettel-viettel-st90n
Item,https://www.thegioididong.com/sim-so-dep/viettel-viettel-umax-90
Item,https://www.thegioididong.com/sim-so-dep/vinaphone-vina-super-data-8t
Item,https://www.thegioididong.com/sim-so-dep/vinaphone-vina-bum-603t
Item,https://www.thegioididong.com/sim-so-dep/vinaphone-u1500
Item,https://www.thegioididong.com/sim-so-dep/vinaphone-u900
Item,https://www.thegioididong.com/sim-so-dep/vinaphone-vina
Item,https://www.thegioididong.com/sim-so-dep/mobifone-mobi-c150
Item,https://www.thegioididong.com/sim-so-dep/itel-itel
Item,https://www.thegioididong.com/sac-dtdd/ava-lj-jp199
Item,https://www.thegioididong.com/sac-dtdd/sac-du-phong-polymer-10000mah-c-xmobile-pw37y5b
Item,https://www.thegioididong.com/sac-dtdd/pin-sac-10000mah-type-c-pd-qc30-20w-hydrus-pb299s
Item,https://www.thegioididong.com/sac-dtdd/ava-pj-jp192
Item,https://www.thegioididong.com/sac-dtdd/polymer-10000mah-type-c-energizer
Item,https://www.thegioididong.com/sac-dtdd/pin-sac-khong-day-10000mah-type-c-pd-qc3-qe10007pq
Item,https://www.thegioididong.com/sac-dtdd/pin-polymer-10000mah-ava-plus-jp208
Item,https://www.thegioididong.com/chuot-may-tinh/chuot-khong-day-logitech-mx-anywhere-3?src=osp&itm_source=detail&itm_medium=product_card&itm_campaign=viewed
Item,https://www.thegioididong.com/chuot-may-tinh/chuot-bluetooth-apple-mk2e3-trang?src=osp&itm_source=detail&itm_medium=product_card&itm_campaign=viewed
Item,https://www.thegioididong.com/chuot-may-tinh/chuot-khong-day-logitech-mx-anywhere-3?src=osp&itm_source=detail&itm_medium=product_card&itm_campaign=viewed
Item,https://www.thegioididong.com/chuot-may-tinh/chuot-bluetooth-microsoft-arc
Item,https://www.thegioididong.com/laptop/acer-travelmate-b3-tmb311-31-c2hb-nxvnfsv006
Item,https://www.thegioididong.com/the-nho-dien-thoai/the-nho-microsd-8gb-class-4?src=osp&itm_source=detail&itm_medium=product_card&itm_campaign=viewed
Item,https://www.thegioididong.com/the-nho-dien-thoai/adapter-the-nho-tf?src=osp&itm_source=detail&itm_medium=product_card&itm_campaign=viewed
Item,https://www.thegioididong.com/the-nho-dien-thoai/the-nho-microsd-32gb-class-10?src=osp&itm_source=detail&itm_medium=product_card&itm_campaign=viewed
Item,https://www.thegioididong.com/the-nho-dien-thoai/the-nho-microsd-128gb-class-10-uhs1?src=osp&itm_source=detail&itm_medium=product_card&itm_campaign=viewed
Item,https://www.thegioididong.com/the-nho-dien-thoai/the-nho-microsd-200gb-class10uhs1
Item,https://www.thegioididong.com/op-lung-flipcover/op-lung-realme-c11-deo-electroplating-matte-gold?src=osp&itm_source=detail&itm_medium=product_card&itm_campaign=viewed
Item,https://www.thegioididong.com/op-lung-flipcover/op-lung-realme-c11-nhua-deo-luggage-tpu-meeker-den?src=osp&itm_source=detail&itm_medium=product_card&itm_campaign=viewed
Item,https://www.thegioididong.com/may-doi-tra/dtdd/oppo-find-x5-pro/detail?oldid=41617990&pid=250622&type=2
Item,https://www.thegioididong.com/may-doi-tra/dtdd/oppo-find-x5-pro/detail?oldid=41582089&pid=250622&type=2
Item,https://www.thegioididong.com/may-doi-tra/dtdd/oppo-find-x5-pro/detail?oldid=41577498&pid=250622&type=2
Item,https://www.thegioididong.com/may-doi-tra/dtdd/oppo-find-x5-pro/detail?oldid=41148340&pid=250622&type=2
Item,https://www.thegioididong.com/may-doi-tra/dtdd/oppo-find-x5-pro?pid=250622&isimei=1&type=2
Item,https://www.thegioididong.com/may-doi-tra/dtdd/samsung-galaxy-m53/detail?oldid=41262409&pid=247364&type=2
Item,https://www.thegioididong.com/may-doi-tra/dtdd/oneplus-8t/detail?oldid=41339279&pid=226460&type=2
Item,https://www.thegioididong.com/may-doi-tra/dtdd/oneplus-8t?pid=226460&isimei=1&type=2
Item,https://www.thegioididong.com/may-doi-tra/dtdd/samsung-galaxy-m53/detail?oldid=41337874&pid=247364&type=2
Item,https://www.thegioididong.com/chuot-may-tinh/chuot-khong-day-logitech-mx-anywhere-3?src=osp&itm_source=detail&itm_medium=product_card&itm_campaign=viewed
Item,https://www.thegioididong.com/chuot-may-tinh/chuot-khong-day-logitech-mx-master-3-den?src=osp&itm_source=detail&itm_medium=product_card&itm_campaign=viewed
Item,https://www.thegioididong.com/may-doi-tra/dtdd/iphone-14-pro-max/detail?oldid=41479058&pid=251192&type=2
Item,https://www.thegioididong.com/may-doi-tra/dtdd/oneplus-8t?pid=226460&isimei=1&type=2
Item,https://www.thegioididong.com/may-doi-tra/dtdd/samsung-galaxy-a52s-5g?pid=247507&isimei=1&type=2
Item,https://www.thegioididong.com/chuot-may-tinh/chuot-khong-day-logitech-mx-anywhere-3?src=osp&itm_source=detail&itm_medium=product_card&itm_campaign=viewed
Item,https://www.thegioididong.com/chuot-may-tinh/chuot-khong-day-logitech-mx-master-3-den?src=osp&itm_source=detail&itm_medium=product_card&itm_campaign=viewed
Item,https://www.thegioididong.com/may-doi-tra/dtdd/iphone-14-pro-max/detail?oldid=41479058&pid=251192&type=2
Item,https://www.thegioididong.com/may-doi-tra/may-tinh-de-ban/hp-aio-22-df1020d-i5-4b6d8pa?pid=251976&isimei=1&type=2
Item,https://www.thegioididong.com/may-doi-tra/may-tinh-de-ban/asus-zen-aio-m5401wu-r5-ba014w?pid=265412&isimei=1&type=2
Item,https://www.thegioididong.com/may-doi-tra/may-tinh-de-ban/asus-expertcenter-aio-e5402whak-i5-ba005w?pid=275271&isimei=1&type=2
Item,https://www.thegioididong.com/may-doi-tra/may-tinh-de-ban/asus-aio-v241eat-i5-ba025w?pid=275202&isimei=1&type=2
Item,https://www.thegioididong.com/may-doi-tra/may-tinh-de-ban/asus-s500sc-i5-511400036w?pid=267721&isimei=1&type=2
Item,https://www.thegioididong.com/may-doi-tra/may-tinh-de-ban/hp-aio-24-df1034d-i3-4b6e7pa?pid=265510&isimei=1&type=2
Item,https://www.thegioididong.com/may-doi-tra/may-tinh-de-ban/hp-205-pro-g8-aio-r3-5r3f1pa?pid=273989&isimei=1&type=2
Item,https://www.thegioididong.com/may-doi-tra/man-hinh-may-tinh/asus-lcd-238-inch-full-hd-vg249q1a?pid=270219&isimei=1&type=2
Item,https://www.thegioididong.com/may-doi-tra/man-hinh-may-tinh/asus-lcd-tuf-gaming-27-inch-fullhd-165hz-1ms-vg279q1a?pid=271550&isimei=1&type=2
Item,https://www.thegioididong.com/may-doi-tra/man-hinh-may-tinh/asus-lcd-vy249he-238-fulhd?pid=253750&isimei=1&type=2
Item,https://www.thegioididong.com/may-doi-tra/man-hinh-may-tinh/samsung-smart-monitor-27-inch-ls27am501nexxv?pid=241571&isimei=1&type=2
Item,https://www.thegioididong.com/may-doi-tra/man-hinh-may-tinh/viewsonic-lcd-gaming-xg2405-2-24-inch-fhd?pid=273423&isimei=1&type=2
Item,https://www.thegioididong.com/may-doi-tra/chuot-may-tinh/chuot-co-day-zadez-m213-den?pid=229586&isimei=0&type=2
Item,https://www.thegioididong.com/may-doi-tra/chuot-may-tinh/chuot-zadez-m218?pid=49140&isimei=0&type=2
Item,https://www.thegioididong.com/may-doi-tra/chuot-may-tinh/chuot-khong-day-rapoo-1620-den?pid=232214&isimei=0&type=2
Item,https://www.thegioididong.com/may-doi-tra/chuot-may-tinh/chuot-khong-day-rapoo-m216-den?pid=252625&isimei=0&type=2
Item,https://www.thegioididong.com/may-doi-tra/chuot-may-tinh/chuot-khong-day-zadez-m356?pid=69047&isimei=0&type=2
Item,https://www.thegioididong.com/may-doi-tra/chuot-may-tinh/chuot-khong-day-bluetooth-rapoo-m160-den?pid=246197&isimei=0&type=2
Item,https://www.thegioididong.com/may-doi-tra/tai-nghe/bluetooth-true-wireless-ava-ds204a-wb-trang?pid=251825&isimei=0&type=2
Item,https://www.thegioididong.com/may-doi-tra/tai-nghe/tai-nghe-ep-mozard-ds510-wb-xanh?pid=201517&isimei=0&type=2
Item,https://www.thegioididong.com/may-doi-tra/tai-nghe/bluetooth-true-wireless-ava-ds201a-wb?pid=251852&isimei=0&type=2
Item,https://www.thegioididong.com/may-doi-tra/tai-nghe/bluetooth-true-wireless-ava-ds200a-wb?pid=256512&isimei=0&type=2
Item,https://www.thegioididong.com/may-doi-tra/tai-nghe/tai-nghe-ep-awei-q29hi-den-hong?pid=202536&isimei=0&type=2
Item,https://www.thegioididong.com/may-doi-tra/tai-nghe/tai-nghe-ep-awei-q27hi-den?pid=202534&isimei=0&type=2
Item,https://www.thegioididong.com/may-doi-tra/tai-nghe/tai-nghe-ep-awei-q50hi-bac?pid=202538&isimei=0&type=2
Item,https://www.thegioididong.com/may-doi-tra/tai-nghe/tai-nghe-ep-mozard-ds510-wb-xanh?pid=201517&isimei=0&type=2