description,url
TikTokVideo,https://www.tiktok.com/@vtv24news/video/7198800125592964353
TikTokVideo,https://www.tiktok.com/@theanh28entertainment/video/7198775306453388546
TikTokVideo,https://www.tiktok.com/@theanh28entertainment/video/7198756513601637633
TikTokVideo,https://www.tiktok.com/@theanh28entertainment/video/7198753578457042177
TikTokVideo,https://www.tiktok.com/@theanh28entertainment/video/7198739804169800962
TikTokVideo,https://www.tiktok.com/@theanh28entertainment/video/7198746541371297026
TikTokVideo,https://www.tiktok.com/@theanh28entertainment/video/7198744535600467226
TikTokVideo,https://www.tiktok.com/@shabbirahmad8890/video/7195776180220480770
TikTokVideo,https://www.tiktok.com/@shabbirahmad8890/video/7168284742616386817
TikTokVideo,https://www.tiktok.com/@vtvcab.tintuc/video/7198836078067993857
TikTokVideo,https://www.tiktok.com/@vtvcab.tintuc/video/7198798722610875649
TikTokVideo,https://www.tiktok.com/@vtvcab.tintuc/video/7198731019535535362
TikTokVideo,https://www.tiktok.com/@vtvcab.tintuc/video/7198729164273257729
TikTokVideo,https://www.tiktok.com/@vtvcab.tintuc/video/7198723125280771330
TikTokVideo,https://www.tiktok.com/@vtvcab.tintuc/video/7198699094183824641
TikTokVideo,https://www.tiktok.com/@vtvcab.tintuc/video/7198536270409174273
TikTokVideo,https://www.tiktok.com/@vtvcab.tintuc/video/7198534836074679554
TikTokVideo,https://www.tiktok.com/@vtv8_daitruyenhinhvn/video/7198481612076584218
TikTokVideo,https://www.tiktok.com/@vtv8_daitruyenhinhvn/video/7198481380664266010
TikTokVideo,https://www.tiktok.com/@vtv8_daitruyenhinhvn/video/7198480856506207514
TikTokVideo,https://www.tiktok.com/@vtv8_daitruyenhinhvn/video/7198453714057809179
TikTokVideo,https://www.tiktok.com/@vtv8_daitruyenhinhvn/video/7198452913356688666
TikTokVideo,https://www.tiktok.com/@boxing_fights/video/7185531618659011846?q=ggg&t=1676113341030
TikTokVideo,https://www.tiktok.com/@caocuongvu/video/7197378243811380506
TikTokVideo,https://www.tiktok.com/@caocuongvu/video/7195534444613176603
TikTokVideo,https://www.tiktok.com/@caocuongvu/video/7194313470819470619
TikTokVideo,https://www.tiktok.com/@caocuongvu/video/7194043568800009498
TikTokVideo,https://www.tiktok.com/@caocuongvu/video/7191707005407563035
TikTokVideo,https://www.tiktok.com/@caocuongvu/video/7189975867848789274
TikTokVideo,https://www.tiktok.com/@caocuongvu/video/7188484285689629979
TikTokVideo,https://www.tiktok.com/@caocuongvu/video/7187732982042561818